/*
 Navicat Premium Data Transfer

 Source Server         : winter
 Source Server Type    : MySQL
 Source Server Version : 50712
 Source Host           : localhost
 Source Database       : depot

 Target Server Type    : MySQL
 Target Server Version : 50712
 File Encoding         : utf-8

 Date: 11/20/2017 20:48:31 PM
*/

SET FOREIGN_KEY_CHECKS = 0;

-- ----------------------------
--  Table structure for `t_ass_part`
-- ----------------------------
DROP TABLE IF EXISTS `t_ass_part`;
CREATE TABLE `t_ass_part` (
  `id` int(11) NOT NULL AUTO_INCREMENT,
  `fk_ass_id` varchar(45) NOT NULL,
  `fk_part_id` varchar(45) NOT NULL,
  `fk_status` int(11) NOT NULL,
  PRIMARY KEY (`id`)
) ENGINE=InnoDB AUTO_INCREMENT=285 DEFAULT CHARSET=utf8;

-- ----------------------------
--  Records of `t_ass_part`
-- ----------------------------
BEGIN;
INSERT INTO `t_ass_part` VALUES ('3', 'CM06059', '20460590', '1'), ('4', 'CM06059', '20460591', '1'), ('5', 'CM06059', '20460592', '1'), ('6', 'CM06059', '20460593', '1'), ('7', 'CM06059', '20460594', '1'), ('8', 'BM01024', '20410240', '1'), ('9', 'BM01024', '20410241', '1'), ('10', 'BM01024', '20410242', '1'), ('11', 'BM01024', '20410243', '1'), ('12', 'BM01024', '20410244', '1'), ('13', 'WC02033', '20420330', '1'), ('14', 'WC02033', '20420331', '1'), ('15', 'WC02033', '20420332', '1'), ('16', 'WC02033', '20420333', '1'), ('17', 'WC02033', '20420334', '1'), ('18', 'CM06799', '20467990', '1'), ('19', 'CM06799', '20467991', '1'), ('20', 'CM06799', '20467992', '1'), ('21', 'CM06799', '20467993', '1'), ('22', 'CM06799', '20467994', '1'), ('23', 'CM06700', '20467000', '1'), ('24', 'CM06700', '20467001', '1'), ('25', 'CM06700', '20467002', '1'), ('26', 'CM06700', '20467003', '1'), ('27', 'CM06700', '20467004', '1'), ('28', 'BM01050', '20410010', '1'), ('29', 'BM01050', '20410011', '1'), ('30', 'BM01050', '20410012', '1'), ('31', 'BM01050', '20410013', '1'), ('32', 'BM01050', '20410014', '1'), ('33', 'BM01051', '20410010', '1'), ('34', 'BM01051', '20410011', '1'), ('35', 'BM01051', '20410012', '1'), ('36', 'BM01051', '20410013', '1'), ('37', 'BM01051', '20410014', '1'), ('38', 'BM01052', '20410010', '1'), ('39', 'BM01052', '20410011', '1'), ('40', 'BM01052', '20410012', '1'), ('41', 'BM01052', '20410013', '1'), ('42', 'BM01052', '20410014', '1'), ('43', 'BM01053', '20410010', '1'), ('44', 'BM01053', '20410011', '1'), ('45', 'BM01053', '20410012', '1'), ('46', 'BM01053', '20410013', '1'), ('47', 'BM01053', '20410014', '1'), ('48', 'BM01054', '20410010', '1'), ('49', 'BM01054', '20410011', '1'), ('50', 'BM01054', '20410012', '1'), ('51', 'BM01054', '20410013', '1'), ('52', 'BM01054', '20410014', '1'), ('53', 'BM01055', '20410010', '1'), ('54', 'BM01055', '20410011', '1'), ('55', 'BM01055', '20410012', '1'), ('56', 'BM01055', '20410013', '1'), ('57', 'BM01055', '20410014', '1'), ('58', 'BM01056', '20410010', '1'), ('59', 'BM01056', '20410011', '1'), ('60', 'BM01056', '20410012', '1'), ('61', 'BM01056', '20410013', '1'), ('62', 'BM01056', '20410014', '1'), ('63', 'BM01057', '20410010', '1'), ('64', 'BM01057', '20410011', '1'), ('65', 'BM01057', '20410012', '1'), ('66', 'BM01057', '20410013', '1'), ('67', 'BM01057', '20410014', '1'), ('68', 'BM01058', '20410010', '1'), ('69', 'BM01058', '20410011', '1'), ('70', 'BM01058', '20410012', '1'), ('71', 'BM01058', '20410013', '1'), ('72', 'BM01058', '20410014', '1'), ('73', 'BM01059', '20410010', '1'), ('74', 'BM01059', '20410011', '1'), ('75', 'BM01059', '20410012', '1'), ('76', 'BM01059', '20410013', '1'), ('77', 'BM01059', '20410014', '1'), ('78', 'BM010510', '20410010', '1'), ('79', 'BM010510', '20410011', '1'), ('80', 'BM010510', '20410012', '1'), ('81', 'BM010510', '20410013', '1'), ('82', 'BM010510', '20410014', '1'), ('83', 'BM010511', '20410010', '1'), ('84', 'BM010511', '20410011', '1'), ('85', 'BM010511', '20410012', '1'), ('86', 'BM010511', '20410013', '1'), ('87', 'BM010511', '20410014', '1'), ('88', 'BM010512', '20410010', '1'), ('89', 'BM010512', '20410011', '1'), ('90', 'BM010512', '20410012', '1'), ('91', 'BM010512', '20410013', '1'), ('92', 'BM010512', '20410014', '1'), ('93', 'BM010513', '20410010', '1'), ('94', 'BM010513', '20410011', '1'), ('95', 'BM010513', '20410012', '1'), ('96', 'BM010513', '20410013', '1'), ('97', 'BM010513', '20410014', '1'), ('98', 'BM010514', '20410010', '1'), ('99', 'BM010514', '20410011', '1'), ('100', 'BM010514', '20410012', '1'), ('101', 'BM010514', '20410013', '1'), ('102', 'BM010514', '20410014', '1'), ('103', 'CS07000', '20470000', '1'), ('104', 'CS07000', '20470001', '1'), ('105', 'CS07000', '20470002', '1'), ('106', 'CS07000', '20470003', '1'), ('107', 'CS07000', '20470004', '1'), ('108', 'CS07001', '20470010', '1'), ('109', 'CS07001', '20470011', '1'), ('110', 'CS07001', '20470012', '1'), ('111', 'CS07001', '20470013', '1'), ('112', 'CS07001', '20470014', '1'), ('113', 'CS07002', '20470020', '1'), ('114', 'CS07002', '20470021', '1'), ('115', 'CS07002', '20470022', '1'), ('116', 'CS07002', '20470023', '1'), ('117', 'CS07002', '20470024', '1'), ('118', 'CS07003', '20470030', '1'), ('119', 'CS07003', '20470031', '1'), ('120', 'CS07003', '20470032', '1'), ('121', 'CS07003', '20470033', '1'), ('122', 'CS07003', '20470034', '1'), ('123', 'CS07004', '20470040', '1'), ('124', 'CS07004', '20470041', '1'), ('125', 'CS07004', '20470042', '1'), ('126', 'CS07004', '20470043', '1'), ('127', 'CS07004', '20470044', '1'), ('128', 'CS07005', '20470050', '1'), ('129', 'CS07005', '20470051', '1'), ('130', 'CS07005', '20470052', '1'), ('131', 'CS07005', '20470053', '1'), ('132', 'CS07005', '20470054', '1'), ('133', 'CS07006', '20470060', '1'), ('134', 'CS07006', '20470061', '1'), ('135', 'CS07006', '20470062', '1'), ('136', 'CS07006', '20470063', '1'), ('137', 'CS07006', '20470064', '1'), ('138', 'CS07007', '20470070', '1'), ('139', 'CS07007', '20470071', '1'), ('140', 'CS07007', '20470072', '1'), ('141', 'CS07007', '20470073', '1'), ('142', 'CS07007', '20470074', '1'), ('143', 'CS07008', '20470080', '1'), ('144', 'CS07008', '20470081', '1'), ('145', 'CS07008', '20470082', '1'), ('146', 'CS07008', '20470083', '1'), ('147', 'CS07008', '20470084', '1'), ('148', 'CM06050', '20460500', '1'), ('149', 'CM06050', '20460501', '1'), ('150', 'CM06050', '20460502', '1'), ('151', 'CM06050', '20460503', '1'), ('152', 'CM06050', '20460504', '1'), ('153', 'CM06051', '20460510', '1'), ('154', 'CM06051', '20460511', '1'), ('155', 'CM06051', '20460512', '1'), ('156', 'CM06051', '20460513', '1'), ('157', 'CM06051', '20460514', '1'), ('158', 'CM06052', '20460520', '1'), ('159', 'CM06052', '20460521', '1'), ('160', 'CM06052', '20460522', '1'), ('161', 'CM06052', '20460523', '1'), ('162', 'CM06052', '20460524', '1'), ('163', 'CM06053', '20460530', '1'), ('164', 'CM06053', '20460531', '1'), ('165', 'CM06053', '20460532', '1'), ('166', 'CM06053', '20460533', '1'), ('167', 'CM06053', '20460534', '1'), ('168', 'CM06054', '20460540', '1'), ('169', 'CM06054', '20460541', '1'), ('170', 'CM06054', '20460542', '1'), ('171', 'CM06054', '20460543', '1'), ('172', 'CM06054', '20460544', '1'), ('173', 'CM06055', '20460550', '1'), ('174', 'CM06055', '20460551', '1'), ('175', 'CM06055', '20460552', '1'), ('176', 'CM06055', '20460553', '1'), ('177', 'CM06055', '20460554', '1'), ('178', 'CM06056', '20460560', '1'), ('179', 'CM06056', '20460561', '1'), ('180', 'CM06056', '20460562', '1'), ('181', 'CM06056', '20460563', '1'), ('182', 'CM06056', '20460564', '1'), ('183', 'CM06057', '20460570', '1'), ('184', 'CM06057', '20460571', '1'), ('185', 'CM06057', '20460572', '1'), ('186', 'CM06057', '20460573', '1'), ('187', 'CM06057', '20460574', '1'), ('188', 'CM06058', '20460580', '1'), ('189', 'CM06058', '20460581', '1'), ('190', 'CM06058', '20460582', '1'), ('191', 'CM06058', '20460583', '1'), ('192', 'CM06058', '20460584', '1'), ('193', 'WC02030', '20420300', '1'), ('194', 'WC02030', '20420301', '1'), ('195', 'WC02030', '20420302', '1'), ('196', 'WC02030', '20420303', '1'), ('197', 'WC02030', '20420304', '1'), ('198', 'WC02031', '20420310', '1'), ('199', 'WC02031', '20420311', '1'), ('200', 'WC02031', '20420312', '1'), ('201', 'WC02031', '20420313', '1'), ('202', 'WC02031', '20420314', '1'), ('203', 'WC02032', '20420320', '1'), ('204', 'WC02032', '20420321', '1'), ('205', 'WC02032', '20420322', '1'), ('206', 'WC02032', '20420323', '1'), ('207', 'WC02032', '20420324', '1'), ('208', 'WC02034', '20420340', '1'), ('209', 'WC02034', '20420341', '1'), ('210', 'WC02034', '20420342', '1'), ('211', 'WC02034', '20420343', '1'), ('212', 'WC02034', '20420344', '1'), ('213', 'WC02035', '20420350', '1'), ('214', 'WC02035', '20420351', '1'), ('215', 'WC02035', '20420352', '1'), ('216', 'WC02035', '20420353', '1'), ('217', 'WC02035', '20420354', '1'), ('218', 'WC02036', '20420360', '1'), ('219', 'WC02036', '20420361', '1'), ('220', 'WC02036', '20420362', '1'), ('221', 'WC02036', '20420363', '1'), ('222', 'WC02036', '20420364', '1'), ('223', 'WC02037', '20420370', '1'), ('224', 'WC02037', '20420371', '1'), ('225', 'WC02037', '20420372', '1'), ('226', 'WC02037', '20420373', '1'), ('227', 'WC02037', '20420374', '1'), ('228', 'WC02038', '20420380', '1'), ('229', 'WC02038', '20420381', '1'), ('230', 'WC02038', '20420382', '1'), ('231', 'WC02038', '20420383', '1'), ('232', 'WC02038', '20420384', '1'), ('233', 'WC02020', '20420200', '1'), ('234', 'WC02020', '20420201', '1'), ('235', 'WC02020', '20420202', '1'), ('236', 'WC02020', '20420203', '1'), ('237', 'WC02020', '20420204', '1'), ('238', 'WC02021', '20420210', '1'), ('239', 'WC02021', '20420211', '1'), ('240', 'WC02021', '20420212', '1'), ('241', 'WC02021', '20420213', '1'), ('242', 'WC02021', '20420214', '1'), ('243', 'WC02022', '20420220', '1'), ('244', 'WC02022', '20420221', '1'), ('245', 'WC02022', '20420222', '1'), ('246', 'WC02022', '20420223', '1'), ('247', 'WC02022', '20420224', '1'), ('248', 'WC02023', '20420230', '1'), ('249', 'WC02023', '20420231', '1'), ('250', 'WC02023', '20420232', '1'), ('251', 'WC02023', '20420233', '1'), ('252', 'WC02023', '20420234', '1'), ('253', 'WC02024', '20420240', '1'), ('254', 'WC02024', '20420241', '1'), ('255', 'WC02024', '20420242', '1'), ('256', 'WC02024', '20420243', '1'), ('257', 'WC02024', '20420244', '1'), ('258', 'WC02025', '20420250', '1'), ('259', 'WC02025', '20420251', '1'), ('260', 'WC02025', '20420252', '1'), ('261', 'WC02025', '20420253', '1'), ('262', 'WC02025', '20420254', '1'), ('263', 'WC02026', '20420260', '1'), ('264', 'WC02026', '20420261', '1'), ('265', 'WC02026', '20420262', '1'), ('266', 'WC02026', '20420263', '1'), ('267', 'WC02026', '20420264', '1'), ('268', 'WC02027', '20420270', '1'), ('269', 'WC02027', '20420271', '1'), ('270', 'WC02027', '20420272', '1'), ('271', 'WC02027', '20420273', '1'), ('272', 'WC02027', '20420274', '1'), ('273', 'WC02028', '20420280', '1'), ('274', 'WC02028', '20420281', '1'), ('275', 'WC02028', '20420282', '1'), ('276', 'WC02028', '20420283', '0'), ('277', 'WC02028', '20420284', '1'), ('278', 'BM01050', '30210501', '1'), ('279', 'BM01050', '40210502', '1'), ('280', 'BM01050', '30210502', '1'), ('281', 'BM01050', '40710501', '1'), ('282', 'BM01050', '41210501', '1'), ('283', 'BM01050', '20410241', '1'), ('284', 'BM01024', '30310241', '1');
COMMIT;

-- ----------------------------
--  Table structure for `t_assembly`
-- ----------------------------
DROP TABLE IF EXISTS `t_assembly`;
CREATE TABLE `t_assembly` (
  `part_id` varchar(45) NOT NULL,
  `part_name` varchar(45) NOT NULL,
  `diameter` varchar(45) NOT NULL,
  `part_status` int(11) NOT NULL,
  `assemble_time` varchar(45) DEFAULT NULL,
  `weight` varchar(45) DEFAULT NULL,
  `desc` varchar(45) DEFAULT NULL,
  `tags` varchar(45) DEFAULT NULL,
  `user_id` varchar(45) DEFAULT NULL,
  `price` varchar(45) DEFAULT NULL,
  `number` int(11) DEFAULT NULL,
  `picture` varchar(255) DEFAULT NULL,
  `OE_number` varchar(255) DEFAULT NULL,
  PRIMARY KEY (`part_id`)
) ENGINE=InnoDB DEFAULT CHARSET=utf8;

-- ----------------------------
--  Records of `t_assembly`
-- ----------------------------
BEGIN;
INSERT INTO `t_assembly` VALUES ('BM01022', '????', '22.22', '1', '2017-06-08 21:24:11', '2.00', null, null, '1', '30.00', '500', 'http://part-1253516459.cossh.myqcloud.com/mypart/20170507152158164.jpeg', '423423'), ('BM01024', '????', '25.40', '1', '2017-05-10 20:34:08', '1.50', null, null, '1', '30.00', '700', 'http://part-1253516459.cossh.myqcloud.com/mypart/20170510203507006.png', '34523'), ('BM01050', '????', '22.22', '1', '2017-05-06 13:12:13', '2.00', null, null, '1', '300.00', '500', 'http://part-1253516459.cossh.myqcloud.com/mypart/20170507152158164.jpeg', '234523'), ('BM01051', '????', '22.22', '1', '2017-05-06 13:12:14', '2.00', null, null, '1', '300.00', '500', 'http://part-1253516459.cossh.myqcloud.com/mypart/20170507152158164.jpeg', '234523'), ('BM01052', '????', '22.22', '1', '2017-05-06 13:12:14', '2.00', null, null, '1', '300.00', '500', 'http://part-1253516459.cossh.myqcloud.com/mypart/20170507152158164.jpeg', '2345'), ('BM01053', '????', '22.22', '1', '2017-05-06 13:12:14', '2.00', null, null, '1', '300.00', '500', 'http://part-1253516459.cossh.myqcloud.com/mypart/20170507152158164.jpeg', '235423'), ('BM01054', '????', '22.22', '1', '2017-05-06 13:12:14', '2.00', null, null, '1', '300.00', '500', 'http://part-1253516459.cossh.myqcloud.com/mypart/20170507152158164.jpeg', '5235234'), ('BM01055', '????', '22.22', '1', '2017-05-06 13:12:14', '2.00', null, null, '1', '300.00', '500', 'http://part-1253516459.cossh.myqcloud.com/mypart/20170507152158164.jpeg', '53464'), ('BM01056', '????', '22.22', '1', '2017-05-19 20:55:38', '2.00', null, null, '1', '300.00', '600', 'http://part-1253516459.cossh.myqcloud.com/mypart/20170507152158164.jpeg', '34643'), ('BM01057', '????', '22.22', '1', '2017-05-06 13:12:14', '2.00', null, null, '1', '300.00', '500', 'http://part-1253516459.cossh.myqcloud.com/mypart/20170507152158164.jpeg', '54223'), ('BM01058', '????', '22.22', '1', '2017-05-06 13:12:14', '2.00', null, null, '1', '300.00', '500', 'http://part-1253516459.cossh.myqcloud.com/mypart/20170507152158164.jpeg', '665342'), ('BM01059', '????', '22.22', '1', '2017-05-06 13:12:14', '2.00', null, null, '1', '300.00', '500', 'http://part-1253516459.cossh.myqcloud.com/mypart/20170507152158164.jpeg', '34523y7'), ('BM01060', '????', '22.22', '1', '2017-05-06 13:12:14', '2.00', null, null, '1', '300.00', '500', 'http://part-1253516459.cossh.myqcloud.com/mypart/20170507152158164.jpeg', '322352'), ('BM01061', '????', '22.22', '1', '2017-05-06 13:12:14', '2.00', null, null, '1', '300.00', '500', 'http://part-1253516459.cossh.myqcloud.com/mypart/20170507152158164.jpeg', '25232'), ('BM01062', '????', '22.22', '1', '2017-05-06 13:12:14', '2.00', null, null, '1', '300.00', '500', 'http://part-1253516459.cossh.myqcloud.com/mypart/20170507152158164.jpeg', '663452'), ('BM01063', '????', '22.22', '1', '2017-05-06 13:12:14', '2.00', null, null, '1', '300.00', '500', 'http://part-1253516459.cossh.myqcloud.com/mypart/20170507152158164.jpeg', '3523545'), ('BM01064', '????', '22.22', '1', '2017-05-06 13:12:14', '2.00', null, null, '1', '300.00', '500', 'http://part-1253516459.cossh.myqcloud.com/mypart/20170507152158164.jpeg', '23523'), ('BM01078', '????', '25.40', '1', '2017-05-19 18:09:59', '5.00', null, null, '1', '111.00', '500', 'http://part-1253516459.cossh.myqcloud.com/mypart/20170507152158164.jpeg', '34535'), ('CM06050', '?????', '17.87', '1', '2017-05-06 16:05:37', '2.00', null, null, '1', '34.00', '6200', 'http://part-1253516459.cossh.myqcloud.com/mypart/20170507152158164.jpeg', '23523'), ('CM06051', '?????', '17.87', '1', '2017-05-06 16:05:38', '2.00', null, null, '1', '34.00', '6000', 'http://part-1253516459.cossh.myqcloud.com/mypart/20170507152158164.jpeg', '2362'), ('CM06052', '?????', '17.87', '1', '2017-05-06 16:05:38', '2.00', null, null, '1', '34.00', '6000', 'http://part-1253516459.cossh.myqcloud.com/mypart/20170507152158164.jpeg', '24236'), ('CM06053', '?????', '17.87', '1', '2017-05-06 16:05:38', '2.00', null, null, '1', '34.00', '6000', 'http://part-1253516459.cossh.myqcloud.com/mypart/20170507152158164.jpeg', '342623'), ('CM06054', '?????', '17.87', '1', '2017-05-06 16:05:38', '2.00', null, null, '1', '34.00', '6000', 'http://part-1253516459.cossh.myqcloud.com/mypart/20170507152158164.jpeg', '273243532'), ('CM06055', '?????', '17.87', '1', '2017-05-06 16:05:38', '2.00', null, null, '1', '34.00', '6000', 'http://part-1253516459.cossh.myqcloud.com/mypart/20170507152158164.jpeg', '23523'), ('CM06056', '?????', '17.87', '1', '2017-05-06 16:05:38', '2.00', null, null, '1', '34.00', '6000', 'http://part-1253516459.cossh.myqcloud.com/mypart/20170507152158164.jpeg', '234623'), ('CM06057', '?????', '17.87', '1', '2017-05-06 16:05:38', '2.00', null, null, '1', '34.00', '6000', 'http://part-1253516459.cossh.myqcloud.com/mypart/20170507152158164.jpeg', '2346234'), ('CM06058', '?????', '17.87', '1', '2017-05-06 16:05:38', '2.00', null, null, '1', '34.00', '6000', 'http://part-1253516459.cossh.myqcloud.com/mypart/20170507152158164.jpeg', '234523'), ('CM06059', '?????', '25.40', '1', '2017-05-06 13:12:14', '1.50', null, null, '1', '30.00', '500', 'http://part-1253516459.cossh.myqcloud.com/mypart/20170507152158164.jpeg', '23235'), ('CM06700', '?????', '17.46', '1', '2017-05-06 13:10:03', '2.00', null, null, '1', '300.00', '500', 'http://part-1253516459.cossh.myqcloud.com/mypart/20170507152158164.jpeg', '2362452'), ('CM06799', '?????', '17.85', '1', '2017-04-28 20:05:17', '2.00', null, null, '1', '500', '500', 'http://part-1253516459.cossh.myqcloud.com/mypart/20170507152158164.jpeg', '2346236'), ('CS07000', '????', '17.87', '1', '2017-05-06 16:04:08', '2.00', null, null, '1', '34.00', '6000', 'http://part-1253516459.cossh.myqcloud.com/mypart/20170507152158164.jpeg', '23624'), ('CS07001', '????', '17.87', '1', '2017-05-06 16:04:08', '2.00', null, null, '1', '34.00', '6000', 'http://part-1253516459.cossh.myqcloud.com/mypart/20170507152158164.jpeg', '236423'), ('CS07002', '????', '17.87', '1', '2017-05-06 16:04:08', '2.00', null, null, '1', '34.00', '6000', 'http://part-1253516459.cossh.myqcloud.com/mypart/20170507152158164.jpeg', '523522'), ('CS07003', '????', '17.87', '1', '2017-05-06 16:04:08', '2.00', null, null, '1', '34.00', '6000', 'http://part-1253516459.cossh.myqcloud.com/mypart/20170507152158164.jpeg', '234523'), ('CS07004', '????', '17.87', '1', '2017-05-06 16:04:08', '2.00', null, null, '1', '34.00', '6000', 'http://part-1253516459.cossh.myqcloud.com/mypart/20170507152158164.jpeg', '2354235'), ('CS07005', '????', '17.87', '1', '2017-05-06 16:04:08', '2.00', null, null, '1', '34.00', '6000', 'http://part-1253516459.cossh.myqcloud.com/mypart/20170507152158164.jpeg', '235235'), ('CS07006', '????', '17.87', '1', '2017-05-06 16:04:08', '2.00', null, null, '1', '34.00', '6000', 'http://part-1253516459.cossh.myqcloud.com/mypart/20170507152158164.jpeg', '23523'), ('CS07007', '????', '17.87', '1', '2017-05-06 16:04:08', '2.00', null, null, '1', '34.00', '6000', 'http://part-1253516459.cossh.myqcloud.com/mypart/20170507152158164.jpeg', '234523'), ('CS07008', '????', '17.87', '1', '2017-05-06 16:04:08', '2.00', null, null, '1', '34.00', '6000', 'http://part-1253516459.cossh.myqcloud.com/mypart/20170507152158164.jpeg', '23523'), ('CS07749', '?????', '22.22', '1', '2017-05-09 22:50:43', '2.30', null, null, '1', '300.00', null, 'http://part-1253516459.cossh.myqcloud.com/mypart/20170509225111998.png', '234234'), ('WC02020', '?????', '22.22', '1', '2017-05-06 16:21:50', '2.00', null, null, '1', '34.00', '60000', 'http://part-1253516459.cossh.myqcloud.com/mypart/20170507152158164.jpeg', '23452326'), ('WC02021', '?????', '22.22', '1', '2017-05-06 16:21:50', '2.00', null, null, '1', '34.00', '60000', 'http://part-1253516459.cossh.myqcloud.com/mypart/20170507152158164.jpeg', '34726'), ('WC02022', '?????', '22.22', '1', '2017-05-06 16:21:50', '2.00', null, null, '1', '34.00', '60000', 'http://part-1253516459.cossh.myqcloud.com/mypart/20170507152158164.jpeg', '976979'), ('WC02023', '?????', '22.22', '1', '2017-05-06 16:21:50', '2.00', null, null, '1', '34.00', '60000', 'http://part-1253516459.cossh.myqcloud.com/mypart/20170507152158164.jpeg', '06797'), ('WC02024', '?????', '22.22', '1', '2017-05-06 16:21:50', '2.00', null, null, '1', '34.00', '60000', 'http://part-1253516459.cossh.myqcloud.com/mypart/20170507152158164.jpeg', '0679696'), ('WC02025', '?????', '22.22', '1', '2017-05-06 16:21:50', '2.00', null, null, '1', '34.00', '60000', 'http://part-1253516459.cossh.myqcloud.com/mypart/20170507152158164.jpeg', '678670'), ('WC02026', '?????', '22.22', '1', '2017-05-06 16:21:50', '2.00', null, null, '1', '34.00', '60000', 'http://part-1253516459.cossh.myqcloud.com/mypart/20170507152158164.jpeg', '5678649'), ('WC02027', '?????', '22.22', '1', '2017-05-06 16:21:50', '2.00', null, null, '1', '34.00', '60000', 'http://part-1253516459.cossh.myqcloud.com/mypart/20170507152158164.jpeg', '569579'), ('WC02028', '?????', '22.22', '1', '2017-05-06 16:21:50', '2.00', null, null, '1', '34.00', '60000', 'http://part-1253516459.cossh.myqcloud.com/mypart/20170507152158164.jpeg', '56956795'), ('WC02030', '?????', '22.22', '1', '2017-05-06 16:19:43', '2.00', null, null, '1', '34.00', '60000', 'http://part-1253516459.cossh.myqcloud.com/mypart/20170507152158164.jpeg', '5695'), ('WC02031', '?????', '22.22', '1', '2017-05-06 16:19:43', '2.00', null, null, '1', '34.00', '60000', 'http://part-1253516459.cossh.myqcloud.com/mypart/20170507152158164.jpeg', '56956'), ('WC02032', '?????', '22.22', '1', '2017-05-06 16:19:43', '2.00', null, null, '1', '34.00', '60000', 'http://part-1253516459.cossh.myqcloud.com/mypart/20170507152158164.jpeg', '569465'), ('WC02033', '?????', '22.22', '1', '2017-05-06 16:19:43', '2.00', null, null, '1', '34.00', '60000', 'http://part-1253516459.cossh.myqcloud.com/mypart/20170507152158164.jpeg', '33853'), ('WC02034', '?????', '22.22', '1', '2017-05-06 16:19:43', '2.00', null, null, '1', '34.00', '60000', 'http://part-1253516459.cossh.myqcloud.com/mypart/20170507152158164.jpeg', '2234'), ('WC02035', '?????', '22.22', '1', '2017-05-06 16:19:44', '2.00', null, null, '1', '34.00', '60000', 'http://part-1253516459.cossh.myqcloud.com/mypart/20170507152158164.jpeg', '2224454'), ('WC02036', '?????', '22.22', '1', '2017-05-06 16:19:44', '2.00', null, null, '1', '34.00', '60000', 'http://part-1253516459.cossh.myqcloud.com/mypart/20170507152158164.jpeg', '22344'), ('WC02037', '?????', '22.22', '1', '2017-05-06 16:19:44', '2.00', null, null, '1', '34.00', '60000', 'http://part-1253516459.cossh.myqcloud.com/mypart/20170507152158164.jpeg', '333442'), ('WC02038', '?????', '22.22', '1', '2017-05-06 16:19:44', '2.00', null, null, '1', '34.00', '60000', 'http://part-1253516459.cossh.myqcloud.com/mypart/20170507152158164.jpeg', '22222'), ('WC02050', '?????', '22.22', '1', '2017-05-06 16:08:59', '2.00', null, null, '1', '34.00', '60000', 'http://part-1253516459.cossh.myqcloud.com/mypart/20170507152158164.jpeg', '3333'), ('WC02087', '????', '25.40', '1', '2017-05-07 15:32:45', '3.00', null, null, '1', '10', null, 'http://part-1253516459.cossh.myqcloud.com/mypart/20170507153349233.jpg', '444');
COMMIT;

-- ----------------------------
--  Table structure for `t_customer`
-- ----------------------------
DROP TABLE IF EXISTS `t_customer`;
CREATE TABLE `t_customer` (
  `id` int(11) NOT NULL AUTO_INCREMENT,
  `customer_id` varchar(45) NOT NULL,
  `customer_name` varchar(45) DEFAULT NULL,
  `country` varchar(45) DEFAULT NULL,
  `email` varchar(45) DEFAULT NULL,
  `tags` varchar(255) DEFAULT NULL,
  `description` varchar(255) DEFAULT NULL,
  PRIMARY KEY (`id`)
) ENGINE=InnoDB DEFAULT CHARSET=utf8;

-- ----------------------------
--  Table structure for `t_orderForm`
-- ----------------------------
DROP TABLE IF EXISTS `t_orderForm`;
CREATE TABLE `t_orderForm` (
  `id` int(11) NOT NULL AUTO_INCREMENT,
  `order_from_id` varchar(45) NOT NULL,
  `customer_id` varchar(45) NOT NULL,
  `create_time` varchar(45) NOT NULL,
  `customer_name` varchar(45) DEFAULT NULL,
  `start_time` varchar(45) DEFAULT NULL,
  `end_time` varchar(45) DEFAULT NULL,
  `order_status` varchar(45) DEFAULT NULL,
  `tags` varchar(255) DEFAULT NULL,
  `description` varchar(255) DEFAULT NULL,
  `out_time` varchar(45) DEFAULT NULL,
  `total_prices` varchar(45) DEFAULT NULL,
  PRIMARY KEY (`id`)
) ENGINE=InnoDB DEFAULT CHARSET=utf8;

-- ----------------------------
--  Table structure for `t_product_form`
-- ----------------------------
DROP TABLE IF EXISTS `t_product_form`;
CREATE TABLE `t_product_form` (
  `id` int(11) NOT NULL AUTO_INCREMENT,
  `assembly_id` varchar(45) NOT NULL,
  `number` varchar(45) DEFAULT NULL,
  `price` varchar(45) DEFAULT NULL,
  `total_price` varchar(45) DEFAULT NULL,
  `diameter` varchar(45) DEFAULT NULL,
  `customer_product_id` varchar(255) DEFAULT NULL,
  `tags` varchar(255) DEFAULT NULL,
  `description` varchar(255) DEFAULT NULL,
  `order_form_id` varchar(45) NOT NULL,
  `oe_number` varchar(45) DEFAULT NULL,
  PRIMARY KEY (`id`)
) ENGINE=InnoDB DEFAULT CHARSET=utf8;

-- ----------------------------
--  Table structure for `t_product_num_contrast`
-- ----------------------------
DROP TABLE IF EXISTS `t_product_num_contrast`;
CREATE TABLE `t_product_num_contrast` (
  `id` int(11) NOT NULL AUTO_INCREMENT,
  `assembly_id` varchar(45) NOT NULL,
  `customer_pro_id` varchar(45) NOT NULL,
  `customer_id` varchar(45) NOT NULL,
  `tags` varchar(255) DEFAULT NULL,
  `description` varchar(255) DEFAULT NULL,
  `oe_number` varchar(45) DEFAULT NULL,
  PRIMARY KEY (`id`)
) ENGINE=InnoDB DEFAULT CHARSET=utf8;

-- ----------------------------
--  Table structure for `t_role`
-- ----------------------------
DROP TABLE IF EXISTS `t_role`;
CREATE TABLE `t_role` (
  `role_id` int(11) NOT NULL,
  `role_name` varchar(45) NOT NULL,
  PRIMARY KEY (`role_id`)
) ENGINE=InnoDB DEFAULT CHARSET=utf8;

-- ----------------------------
--  Records of `t_role`
-- ----------------------------
BEGIN;
INSERT INTO `t_role` VALUES ('0', '?????'), ('1', '???'), ('2', '???'), ('3', '?????');
COMMIT;

-- ----------------------------
--  Table structure for `t_shipments`
-- ----------------------------
DROP TABLE IF EXISTS `t_shipments`;
CREATE TABLE `t_shipments` (
  `id` int(11) NOT NULL AUTO_INCREMENT,
  `user_id` varchar(45) DEFAULT NULL,
  `part_id` varchar(45) DEFAULT NULL,
  `number` varchar(45) DEFAULT NULL,
  `out_time` varchar(45) DEFAULT NULL,
  `customer_id` varchar(45) DEFAULT NULL,
  `customer_name` varchar(45) DEFAULT NULL,
  `country` varchar(45) DEFAULT NULL,
  `desc` varchar(45) DEFAULT NULL,
  `tags` varchar(45) DEFAULT NULL,
  `total_price` varchar(45) DEFAULT NULL,
  PRIMARY KEY (`id`)
) ENGINE=InnoDB DEFAULT CHARSET=utf8;

-- ----------------------------
--  Table structure for `t_spare_parts`
-- ----------------------------
DROP TABLE IF EXISTS `t_spare_parts`;
CREATE TABLE `t_spare_parts` (
  `part_id` varchar(45) NOT NULL,
  `part_name` varchar(45) NOT NULL,
  `number` int(11) DEFAULT NULL,
  `material` varchar(45) DEFAULT NULL,
  `production_time` varchar(45) DEFAULT NULL,
  `desc` varchar(50) DEFAULT NULL,
  `tags` varchar(45) DEFAULT NULL,
  `supplier` varchar(45) DEFAULT NULL,
  `add_time` varchar(45) DEFAULT NULL,
  `out_time` varchar(45) DEFAULT NULL,
  `user_id` varchar(45) DEFAULT NULL,
  `price` varchar(550) DEFAULT NULL,
  `part_picture` varchar(550) DEFAULT NULL,
  `status` int(11) NOT NULL,
  PRIMARY KEY (`part_id`)
) ENGINE=InnoDB DEFAULT CHARSET=utf8;

-- ----------------------------
--  Records of `t_spare_parts`
-- ----------------------------
BEGIN;
INSERT INTO `t_spare_parts` VALUES ('20410010', '??', '300', 'FE', '2017-05-06 13:12:14', null, null, '??????????', '2017-05-06 13:12:14', null, '1', '2.00', null, '1'), ('20410011', '??', '300', 'FE', '2017-05-06 13:12:14', null, null, '??????????', '2017-05-06 13:12:14', null, '1', '2.00', null, '1'), ('20410012', '??', '300', 'FE', '2017-05-06 13:12:14', null, null, '??????????', '2017-05-06 13:12:14', null, '1', '2.00', null, '1'), ('20410013', '??', '300', 'FE', '2017-05-06 13:12:14', null, null, '??????????', '2017-05-06 13:12:14', null, '1', '2.00', null, '1'), ('20410014', '??', '300', 'FE', '2017-05-06 13:12:14', null, null, '??????????', '2017-05-06 13:12:14', null, '1', '2.00', null, '1'), ('20410240', '??', '5556', 'AL', 'Sun Apr 16 20:08:58 CST 2017', null, null, '??????????', '2017-05-20 15:40:54', null, '1', '1.30', null, '1'), ('20410241', '??', '600', 'AL', '2017-05-20 16:09:57', null, null, '??????????', '2017-05-20 15:41:20', null, '1', '1.20', 'http://part-1253516459.cossh.myqcloud.com/mypart/20170520161041766.png', '1'), ('20410242', '??', '300', 'AL', 'Sun Apr 16 20:08:58 CST 2017', null, null, '??????????', '2017-05-20 15:41:32', null, '1', '1.30', null, '1'), ('20410243', '??', '500', 'AL', 'Sun Apr 16 20:08:58 CST 2017', null, null, '??????????', '2017-05-20 15:41:44', null, '1', '1.30', null, '1'), ('20410244', '??', '400', 'AL', 'Sun Apr 16 20:08:58 CST 2017', null, null, '??????????', '2017-05-20 15:41:53', null, '1', '1.30', null, '1'), ('20420200', '??', '300', 'FE', '2017-05-06 16:21:50', null, null, '??????????', '2017-05-06 16:21:50', null, '1', '2.00', null, '1'), ('20420201', '??', '300', 'FE', '2017-05-06 16:21:50', null, null, '??????????', '2017-05-06 16:21:50', null, '1', '2.00', null, '1'), ('20420202', '??', '300', 'FE', '2017-05-06 16:21:50', null, null, '??????????', '2017-05-06 16:21:50', null, '1', '2.00', null, '1'), ('20420203', '??', '300', 'FE', '2017-05-06 16:21:50', null, null, '??????????', '2017-05-06 16:21:50', null, '1', '2.00', null, '1'), ('20420204', '??', '300', 'FE', '2017-05-06 16:21:50', null, null, '??????????', '2017-05-06 16:21:50', null, '1', '2.00', null, '1'), ('20420210', '??', '300', 'FE', '2017-05-06 16:21:50', null, null, '??????????', '2017-05-06 16:21:50', null, '1', '2.00', null, '1'), ('20420211', '??', '300', 'FE', '2017-05-06 16:21:50', null, null, '??????????', '2017-05-06 16:21:50', null, '1', '2.00', null, '1'), ('20420212', '??', '300', 'FE', '2017-05-06 16:21:50', null, null, '??????????', '2017-05-06 16:21:50', null, '1', '2.00', null, '1'), ('20420213', '??', '300', 'FE', '2017-05-06 16:21:50', null, null, '??????????', '2017-05-06 16:21:50', null, '1', '2.00', null, '1'), ('20420214', '??', '300', 'FE', '2017-05-06 16:21:50', null, null, '??????????', '2017-05-06 16:21:50', null, '1', '2.00', null, '1'), ('20420220', '??', '300', 'FE', '2017-05-06 16:21:50', null, null, '??????????', '2017-05-06 16:21:50', null, '1', '2.00', null, '1'), ('20420221', '??', '300', 'FE', '2017-05-06 16:21:50', null, null, '??????????', '2017-05-06 16:21:50', null, '1', '2.00', null, '1'), ('20420222', '??', '300', 'FE', '2017-05-06 16:21:50', null, null, '??????????', '2017-05-06 16:21:50', null, '1', '2.00', null, '1'), ('20420223', '??', '300', 'FE', '2017-05-06 16:21:50', null, null, '??????????', '2017-05-06 16:21:50', null, '1', '2.00', null, '1'), ('20420224', '??', '300', 'FE', '2017-05-06 16:21:50', null, null, '??????????', '2017-05-06 16:21:50', null, '1', '2.00', null, '1'), ('20420230', '??', '300', 'FE', '2017-05-06 16:21:50', null, null, '??????????', '2017-05-06 16:21:50', null, '1', '2.00', null, '1'), ('20420231', '??', '300', 'FE', '2017-05-06 16:21:50', null, null, '??????????', '2017-05-06 16:21:50', null, '1', '2.00', null, '1'), ('20420232', '??', '300', 'FE', '2017-05-06 16:21:50', null, null, '??????????', '2017-05-06 16:21:50', null, '1', '2.00', null, '1'), ('20420233', '??', '300', 'FE', '2017-05-06 16:21:50', null, null, '??????????', '2017-05-06 16:21:50', null, '1', '2.00', null, '1'), ('20420234', '??', '300', 'FE', '2017-05-06 16:21:50', null, null, '??????????', '2017-05-06 16:21:50', null, '1', '2.00', null, '1'), ('20420240', '??', '300', 'FE', '2017-05-06 16:21:50', null, null, '??????????', '2017-05-06 16:21:50', null, '1', '2.00', null, '1'), ('20420241', '??', '300', 'FE', '2017-05-06 16:21:50', null, null, '??????????', '2017-05-06 16:21:50', null, '1', '2.00', null, '1'), ('20420242', '??', '300', 'FE', '2017-05-06 16:21:50', null, null, '??????????', '2017-05-06 16:21:50', null, '1', '2.00', null, '1'), ('20420243', '??', '300', 'FE', '2017-05-06 16:21:50', null, null, '??????????', '2017-05-06 16:21:50', null, '1', '2.00', null, '1'), ('20420244', '??', '300', 'FE', '2017-05-06 16:21:50', null, null, '??????????', '2017-05-06 16:21:50', null, '1', '2.00', null, '1'), ('20420250', '??', '300', 'FE', '2017-05-06 16:21:50', null, null, '??????????', '2017-05-06 16:21:50', null, '1', '2.00', null, '1'), ('20420251', '??', '300', 'FE', '2017-05-06 16:21:50', null, null, '??????????', '2017-05-06 16:21:50', null, '1', '2.00', null, '1'), ('20420252', '??', '300', 'FE', '2017-05-06 16:21:50', null, null, '??????????', '2017-05-06 16:21:50', null, '1', '2.00', null, '1'), ('20420253', '??', '300', 'FE', '2017-05-06 16:21:50', null, null, '??????????', '2017-05-06 16:21:50', null, '1', '2.00', null, '1'), ('20420254', '??', '300', 'FE', '2017-05-06 16:21:50', null, null, '??????????', '2017-05-06 16:21:50', null, '1', '2.00', null, '1'), ('20420260', '??', '300', 'FE', '2017-05-06 16:21:50', null, null, '??????????', '2017-05-06 16:21:50', null, '1', '2.00', null, '1'), ('20420261', '??', '300', 'FE', '2017-05-06 16:21:50', null, null, '??????????', '2017-05-06 16:21:50', null, '1', '2.00', null, '1'), ('20420262', '??', '300', 'FE', '2017-05-06 16:21:50', null, null, '??????????', '2017-05-06 16:21:50', null, '1', '2.00', null, '1'), ('20420263', '??', '300', 'FE', '2017-05-06 16:21:50', null, null, '??????????', '2017-05-06 16:21:50', null, '1', '2.00', null, '1'), ('20420264', '??', '300', 'FE', '2017-05-06 16:21:50', null, null, '??????????', '2017-05-06 16:21:50', null, '1', '2.00', null, '1'), ('20420270', '??', '300', 'FE', '2017-05-06 16:21:50', null, null, '??????????', '2017-05-06 16:21:50', null, '1', '2.00', null, '1'), ('20420271', '??', '300', 'FE', '2017-05-06 16:21:50', null, null, '??????????', '2017-05-06 16:21:50', null, '1', '2.00', null, '1'), ('20420272', '??', '300', 'FE', '2017-05-06 16:21:50', null, null, '??????????', '2017-05-06 16:21:50', null, '1', '2.00', null, '1'), ('20420273', '??', '300', 'FE', '2017-05-06 16:21:50', null, null, '??????????', '2017-05-06 16:21:50', null, '1', '2.00', null, '1'), ('20420274', '??', '300', 'FE', '2017-05-06 16:21:50', null, null, '??????????', '2017-05-06 16:21:50', null, '1', '2.00', null, '1'), ('20420280', '??', '300', 'FE', '2017-05-06 16:21:50', null, null, '??????????', '2017-05-06 16:21:50', null, '1', '2.00', null, '1'), ('20420281', '??', '300', 'FE', '2017-05-06 16:21:50', null, null, '??????????', '2017-05-06 16:21:50', null, '1', '2.00', null, '1'), ('20420282', '??', '300', 'FE', '2017-05-06 16:21:50', null, null, '??????????', '2017-05-06 16:21:50', null, '1', '2.00', null, '1'), ('20420283', '??', '300', 'FE', '2017-05-06 16:21:50', null, null, '??????????', '2017-05-06 16:21:50', null, '1', '2.00', null, '1'), ('20420284', '??', '300', 'FE', '2017-05-06 16:21:50', null, null, '??????????', '2017-05-06 16:21:50', null, '1', '2.00', null, '1'), ('20420300', '??', '300', 'FE', '2017-05-06 16:19:43', null, null, '??????????', '2017-05-06 16:19:43', null, '1', '2.00', null, '1'), ('20420301', '??', '300', 'FE', '2017-05-06 16:19:43', null, null, '??????????', '2017-05-06 16:19:43', null, '1', '2.00', null, '1'), ('20420302', '??', '300', 'FE', '2017-05-06 16:19:43', null, null, '??????????', '2017-05-06 16:19:43', null, '1', '2.00', null, '1'), ('20420303', '??', '300', 'FE', '2017-05-06 16:19:43', null, null, '??????????', '2017-05-06 16:19:43', null, '1', '2.00', null, '1'), ('20420304', '??', '300', 'FE', '2017-05-06 16:19:43', null, null, '??????????', '2017-05-06 16:19:43', null, '1', '2.00', null, '1'), ('20420310', '??', '300', 'FE', '2017-05-06 16:19:43', null, null, '??????????', '2017-05-06 16:19:43', null, '1', '2.00', null, '1'), ('20420311', '??', '300', 'FE', '2017-05-06 16:19:43', null, null, '??????????', '2017-05-06 16:19:43', null, '1', '2.00', null, '1'), ('20420312', '??', '300', 'FE', '2017-05-06 16:19:43', null, null, '??????????', '2017-05-06 16:19:43', null, '1', '2.00', null, '1'), ('20420313', '??', '300', 'FE', '2017-05-06 16:19:43', null, null, '??????????', '2017-05-06 16:19:43', null, '1', '2.00', null, '1'), ('20420314', '??', '300', 'FE', '2017-05-06 16:19:43', null, null, '??????????', '2017-05-06 16:19:43', null, '1', '2.00', null, '1'), ('20420320', '??', '300', 'FE', '2017-05-06 16:19:43', null, null, '??????????', '2017-05-06 16:19:43', null, '1', '2.00', null, '1'), ('20420321', '??', '300', 'FE', '2017-05-06 16:19:43', null, null, '??????????', '2017-05-06 16:19:43', null, '1', '2.00', null, '1'), ('20420322', '??', '300', 'FE', '2017-05-06 16:19:43', null, null, '??????????', '2017-05-06 16:19:43', null, '1', '2.00', null, '1'), ('20420323', '??', '300', 'FE', '2017-05-06 16:19:43', null, null, '??????????', '2017-05-06 16:19:43', null, '1', '2.00', null, '1'), ('20420324', '??', '300', 'FE', '2017-05-06 16:19:43', null, null, '??????????', '2017-05-06 16:19:43', null, '1', '2.00', null, '1'), ('20420330', '??', '300', 'FE', '2017-05-06 16:19:43', null, null, '??????????', '2017-05-06 16:19:43', null, '1', '2.00', null, '1'), ('20420331', '??', '300', 'FE', '2017-05-06 16:19:43', null, null, '??????????', '2017-05-06 16:19:43', null, '1', '2.00', null, '1'), ('20420332', '??', '300', 'FE', '2017-05-06 16:19:43', null, null, '??????????', '2017-05-06 16:19:43', null, '1', '2.00', null, '1'), ('20420333', '??', '300', 'FE', '2017-05-06 16:19:43', null, null, '??????????', '2017-05-06 16:19:43', null, '1', '2.00', null, '1'), ('20420334', '??', '300', 'FE', '2017-05-06 16:19:43', null, null, '??????????', '2017-05-06 16:19:43', null, '1', '2.00', null, '1'), ('20420340', '??', '300', 'FE', '2017-05-06 16:19:43', null, null, '??????????', '2017-05-06 16:19:43', null, '1', '2.00', null, '1'), ('20420341', '??', '300', 'FE', '2017-05-06 16:19:43', null, null, '??????????', '2017-05-06 16:19:43', null, '1', '2.00', null, '1'), ('20420342', '??', '300', 'FE', '2017-05-06 16:19:43', null, null, '??????????', '2017-05-06 16:19:43', null, '1', '2.00', null, '1'), ('20420343', '??', '300', 'FE', '2017-05-06 16:19:43', null, null, '??????????', '2017-05-06 16:19:43', null, '1', '2.00', null, '1'), ('20420344', '??', '300', 'FE', '2017-05-06 16:19:43', null, null, '??????????', '2017-05-06 16:19:43', null, '1', '2.00', null, '1'), ('20420350', '??', '300', 'FE', '2017-05-06 16:19:44', null, null, '??????????', '2017-05-06 16:19:44', null, '1', '2.00', null, '1'), ('20420351', '??', '300', 'FE', '2017-05-06 16:19:44', null, null, '??????????', '2017-05-06 16:19:44', null, '1', '2.00', null, '1'), ('20420352', '??', '300', 'FE', '2017-05-06 16:19:44', null, null, '??????????', '2017-05-06 16:19:44', null, '1', '2.00', null, '1'), ('20420353', '??', '300', 'FE', '2017-05-06 16:19:44', null, null, '??????????', '2017-05-06 16:19:44', null, '1', '2.00', null, '1'), ('20420354', '??', '300', 'FE', '2017-05-06 16:19:44', null, null, '??????????', '2017-05-06 16:19:44', null, '1', '2.00', null, '1'), ('20420360', '??', '300', 'FE', '2017-05-06 16:19:44', null, null, '??????????', '2017-05-06 16:19:44', null, '1', '2.00', null, '1'), ('20420361', '??', '300', 'FE', '2017-05-06 16:19:44', null, null, '??????????', '2017-05-06 16:19:44', null, '1', '2.00', null, '1'), ('20420362', '??', '300', 'FE', '2017-05-06 16:19:44', null, null, '??????????', '2017-05-06 16:19:44', null, '1', '2.00', null, '1'), ('20420363', '??', '300', 'FE', '2017-05-06 16:19:44', null, null, '??????????', '2017-05-06 16:19:44', null, '1', '2.00', null, '1'), ('20420364', '??', '300', 'FE', '2017-05-06 16:19:44', null, null, '??????????', '2017-05-06 16:19:44', null, '1', '2.00', null, '1'), ('20420370', '??', '300', 'FE', '2017-05-06 16:19:44', null, null, '??????????', '2017-05-06 16:19:44', null, '1', '2.00', null, '1'), ('20420371', '??', '300', 'FE', '2017-05-06 16:19:44', null, null, '??????????', '2017-05-06 16:19:44', null, '1', '2.00', null, '1'), ('20420372', '??', '300', 'FE', '2017-05-06 16:19:44', null, null, '??????????', '2017-05-06 16:19:44', null, '1', '2.00', null, '1'), ('20420373', '??', '300', 'FE', '2017-05-06 16:19:44', null, null, '??????????', '2017-05-06 16:19:44', null, '1', '2.00', null, '1'), ('20420374', '??', '300', 'FE', '2017-05-06 16:19:44', null, null, '??????????', '2017-05-06 16:19:44', null, '1', '2.00', null, '1'), ('20420380', '??', '300', 'FE', '2017-05-06 16:19:44', null, null, '??????????', '2017-05-06 16:19:44', null, '1', '2.00', null, '1'), ('20420381', '??', '300', 'FE', '2017-05-06 16:19:44', null, null, '??????????', '2017-05-06 16:19:44', null, '1', '2.00', null, '1'), ('20420382', '??', '300', 'FE', '2017-05-06 16:19:44', null, null, '??????????', '2017-05-06 16:19:44', null, '1', '2.00', null, '1'), ('20420383', '??', '300', 'FE', '2017-05-06 16:19:44', null, null, '??????????', '2017-05-06 16:19:44', null, '1', '2.00', null, '1'), ('20420384', '??', '300', 'FE', '2017-05-06 16:19:44', null, null, '??????????', '2017-05-06 16:19:44', null, '1', '2.00', null, '1'), ('20460500', '??', '100', 'FE', '2017-05-06 16:05:37', null, null, '??????????', '2017-05-06 16:05:37', null, '1', '2.00', null, '1'), ('20460501', '??', '100', 'FE', '2017-05-06 16:05:37', null, null, '??????????', '2017-05-06 16:05:37', null, '1', '2.00', null, '1'), ('20460502', '??', '100', 'FE', '2017-05-06 16:05:37', null, null, '??????????', '2017-05-06 16:05:37', null, '1', '2.00', null, '1'), ('20460503', '??', '100', 'FE', '2017-05-06 16:05:37', null, null, '??????????', '2017-05-06 16:05:37', null, '1', '2.00', null, '1'), ('20460504', '??', '100', 'FE', '2017-05-06 16:05:37', null, null, '??????????', '2017-05-06 16:05:37', null, '1', '2.00', null, '1'), ('20460510', '??', '300', 'FE', '2017-05-06 16:05:38', null, null, '??????????', '2017-05-06 16:05:38', null, '1', '2.00', null, '1'), ('20460511', '??', '300', 'FE', '2017-05-06 16:05:38', null, null, '??????????', '2017-05-06 16:05:38', null, '1', '2.00', null, '1'), ('20460512', '??', '300', 'FE', '2017-05-06 16:05:38', null, null, '??????????', '2017-05-06 16:05:38', null, '1', '2.00', null, '1'), ('20460513', '??', '300', 'FE', '2017-05-06 16:05:38', null, null, '??????????', '2017-05-06 16:05:38', null, '1', '2.00', null, '1'), ('20460514', '??', '300', 'FE', '2017-05-06 16:05:38', null, null, '??????????', '2017-05-06 16:05:38', null, '1', '2.00', null, '1'), ('20460520', '??', '300', 'FE', '2017-05-06 16:05:38', null, null, '??????????', '2017-05-06 16:05:38', null, '1', '2.00', null, '1'), ('20460521', '??', '300', 'FE', '2017-05-06 16:05:38', null, null, '??????????', '2017-05-06 16:05:38', null, '1', '2.00', null, '1'), ('20460522', '??', '300', 'FE', '2017-05-06 16:05:38', null, null, '??????????', '2017-05-06 16:05:38', null, '1', '2.00', null, '1'), ('20460523', '??', '300', 'FE', '2017-05-06 16:05:38', null, null, '??????????', '2017-05-06 16:05:38', null, '1', '2.00', null, '1'), ('20460524', '??', '300', 'FE', '2017-05-06 16:05:38', null, null, '??????????', '2017-05-06 16:05:38', null, '1', '2.00', null, '1'), ('20460530', '??', '300', 'FE', '2017-05-06 16:05:38', null, null, '??????????', '2017-05-06 16:05:38', null, '1', '2.00', null, '1'), ('20460531', '??', '300', 'FE', '2017-05-06 16:05:38', null, null, '??????????', '2017-05-06 16:05:38', null, '1', '2.00', null, '1'), ('20460532', '??', '300', 'FE', '2017-05-06 16:05:38', null, null, '??????????', '2017-05-06 16:05:38', null, '1', '2.00', null, '1'), ('20460533', '??', '300', 'FE', '2017-05-06 16:05:38', null, null, '??????????', '2017-05-06 16:05:38', null, '1', '2.00', null, '1'), ('20460534', '??', '300', 'FE', '2017-05-06 16:05:38', null, null, '??????????', '2017-05-06 16:05:38', null, '1', '2.00', null, '1'), ('20460540', '??', '300', 'FE', '2017-05-06 16:05:38', null, null, '??????????', '2017-05-06 16:05:38', null, '1', '2.00', null, '1'), ('20460541', '??', '300', 'FE', '2017-05-06 16:05:38', null, null, '??????????', '2017-05-06 16:05:38', null, '1', '2.00', null, '1'), ('20460542', '??', '300', 'FE', '2017-05-06 16:05:38', null, null, '??????????', '2017-05-06 16:05:38', null, '1', '2.00', null, '1'), ('20460543', '??', '300', 'FE', '2017-05-06 16:05:38', null, null, '??????????', '2017-05-06 16:05:38', null, '1', '2.00', null, '1'), ('20460544', '??', '300', 'FE', '2017-05-06 16:05:38', null, null, '??????????', '2017-05-06 16:05:38', null, '1', '2.00', null, '1'), ('20460550', '??', '300', 'FE', '2017-05-06 16:05:38', null, null, '??????????', '2017-05-06 16:05:38', null, '1', '2.00', null, '1'), ('20460551', '??', '300', 'FE', '2017-05-06 16:05:38', null, null, '??????????', '2017-05-06 16:05:38', null, '1', '2.00', null, '1'), ('20460552', '??', '300', 'FE', '2017-05-06 16:05:38', null, null, '??????????', '2017-05-06 16:05:38', null, '1', '2.00', null, '1'), ('20460553', '??', '300', 'FE', '2017-05-06 16:05:38', null, null, '??????????', '2017-05-06 16:05:38', null, '1', '2.00', null, '1'), ('20460554', '??', '300', 'FE', '2017-05-06 16:05:38', null, null, '??????????', '2017-05-06 16:05:38', null, '1', '2.00', null, '1'), ('20460560', '??', '300', 'FE', '2017-05-06 16:05:38', null, null, '??????????', '2017-05-06 16:05:38', null, '1', '2.00', null, '1'), ('20460561', '??', '300', 'FE', '2017-05-06 16:05:38', null, null, '??????????', '2017-05-06 16:05:38', null, '1', '2.00', null, '1'), ('20460562', '??', '300', 'FE', '2017-05-06 16:05:38', null, null, '??????????', '2017-05-06 16:05:38', null, '1', '2.00', null, '1'), ('20460563', '??', '300', 'FE', '2017-05-06 16:05:38', null, null, '??????????', '2017-05-06 16:05:38', null, '1', '2.00', null, '1'), ('20460564', '??', '300', 'FE', '2017-05-06 16:05:38', null, null, '??????????', '2017-05-06 16:05:38', null, '1', '2.00', null, '1'), ('20460570', '??', '300', 'FE', '2017-05-06 16:05:38', null, null, '??????????', '2017-05-06 16:05:38', null, '1', '2.00', null, '1'), ('20460571', '??', '300', 'FE', '2017-05-06 16:05:38', null, null, '??????????', '2017-05-06 16:05:38', null, '1', '2.00', null, '1'), ('20460572', '??', '300', 'FE', '2017-05-06 16:05:38', null, null, '??????????', '2017-05-06 16:05:38', null, '1', '2.00', null, '1'), ('20460573', '??', '300', 'FE', '2017-05-06 16:05:38', null, null, '??????????', '2017-05-06 16:05:38', null, '1', '2.00', null, '1'), ('20460574', '??', '300', 'FE', '2017-05-06 16:05:38', null, null, '??????????', '2017-05-06 16:05:38', null, '1', '2.00', null, '1'), ('20460580', '??', '300', 'FE', '2017-05-06 16:05:38', null, null, '??????????', '2017-05-06 16:05:38', null, '1', '2.00', null, '1'), ('20460581', '??', '300', 'FE', '2017-05-06 16:05:38', null, null, '??????????', '2017-05-06 16:05:38', null, '1', '2.00', null, '1'), ('20460582', '??', '300', 'FE', '2017-05-06 16:05:38', null, null, '??????????', '2017-05-06 16:05:38', null, '1', '2.00', null, '1'), ('20460583', '??', '300', 'FE', '2017-05-06 16:05:38', null, null, '??????????', '2017-05-06 16:05:38', null, '1', '2.00', null, '1'), ('20460584', '??', '300', 'FE', '2017-05-06 16:05:38', null, null, '??????????', '2017-05-06 16:05:38', null, '1', '2.00', null, '1'), ('20460590', '??', '300', 'FE', 'Sun Apr 16 20:04:25 CST 2017', null, null, '??????????', 'Sun Apr 16 20:04:26 CST 2017', null, '1', '1.30', null, '1'), ('20460591', '??', '300', 'FE', 'Sun Apr 16 20:04:29 CST 2017', null, null, '??????????', 'Sun Apr 16 20:04:29 CST 2017', null, '1', '1.30', null, '1'), ('20460592', '??', '300', 'FE', 'Sun Apr 16 20:04:31 CST 2017', null, null, '??????????', 'Sun Apr 16 20:04:32 CST 2017', null, '1', '1.30', null, '1'), ('20460593', '??', '300', 'FE', 'Sun Apr 16 20:04:35 CST 2017', null, null, '??????????', 'Sun Apr 16 20:04:36 CST 2017', null, '1', '1.30', null, '1'), ('20460594', '??', '300', 'FE', 'Sun Apr 16 20:04:40 CST 2017', null, null, '??????????', 'Sun Apr 16 20:04:40 CST 2017', null, '1', '1.30', null, '1'), ('20467000', '??', '300', 'FE', '2017-05-06 13:10:03', null, null, '??????????', '2017-05-06 13:10:03', null, '1', '2.00', null, '1'), ('20467001', '??', '300', 'FE', '2017-05-06 13:10:03', null, null, '??????????', '2017-05-06 13:10:03', null, '1', '2.00', null, '1'), ('20467002', '??', '300', 'FE', '2017-05-06 13:10:03', null, null, '??????????', '2017-05-06 13:10:03', null, '1', '2.00', null, '1'), ('20467003', '??', '300', 'FE', '2017-05-06 13:10:03', null, null, '??????????', '2017-05-06 13:10:03', null, '1', '2.00', null, '1'), ('20467004', '??', '300', 'FE', '2017-05-06 13:10:03', null, null, '??????????', '2017-05-06 13:10:03', null, '1', '2.00', null, '1'), ('20467990', '??', '300', 'FE', '2017-04-28 20:05:17', null, null, '??????????', '2017-04-28 20:05:17', null, '1', '2.00', null, '1'), ('20467991', '??', '300', 'FE', '2017-04-28 20:05:17', null, null, '??????????', '2017-04-28 20:05:17', null, '1', '2.00', null, '1'), ('20467992', '??', '300', 'FE', '2017-04-28 20:05:17', null, null, '??????????', '2017-04-28 20:05:17', null, '1', '2.00', null, '1'), ('20467993', '??', '300', 'FE', '2017-04-28 20:05:17', null, null, '??????????', '2017-04-28 20:05:17', null, '1', '2.00', null, '1'), ('20467994', '??', '300', 'FE', '2017-04-28 20:05:17', null, null, '??????????', '2017-04-28 20:05:17', null, '1', '2.00', null, '1'), ('20470000', '??', '300', 'FE', '2017-05-06 16:04:08', null, null, '??????????', '2017-05-06 16:04:08', null, '1', '2.00', null, '1'), ('20470001', '??', '300', 'FE', '2017-05-06 16:04:08', null, null, '??????????', '2017-05-06 16:04:08', null, '1', '2.00', null, '1'), ('20470002', '??', '300', 'FE', '2017-05-06 16:04:08', null, null, '??????????', '2017-05-06 16:04:08', null, '1', '2.00', null, '1'), ('20470003', '??', '300', 'FE', '2017-05-06 16:04:08', null, null, '??????????', '2017-05-06 16:04:08', null, '1', '2.00', null, '1'), ('20470004', '??', '300', 'FE', '2017-05-06 16:04:08', null, null, '??????????', '2017-05-06 16:04:08', null, '1', '2.00', null, '1'), ('20470010', '??', '300', 'FE', '2017-05-06 16:04:08', null, null, '??????????', '2017-05-06 16:04:08', null, '1', '2.00', null, '1'), ('20470011', '??', '300', 'FE', '2017-05-06 16:04:08', null, null, '??????????', '2017-05-06 16:04:08', null, '1', '2.00', null, '1'), ('20470012', '??', '300', 'FE', '2017-05-06 16:04:08', null, null, '??????????', '2017-05-06 16:04:08', null, '1', '2.00', null, '1'), ('20470013', '??', '300', 'FE', '2017-05-06 16:04:08', null, null, '??????????', '2017-05-06 16:04:08', null, '1', '2.00', null, '1'), ('20470014', '??', '300', 'FE', '2017-05-06 16:04:08', null, null, '??????????', '2017-05-06 16:04:08', null, '1', '2.00', null, '1'), ('20470020', '??', '300', 'FE', '2017-05-06 16:04:08', null, null, '??????????', '2017-05-06 16:04:08', null, '1', '2.00', null, '1'), ('20470021', '??', '300', 'FE', '2017-05-06 16:04:08', null, null, '??????????', '2017-05-06 16:04:08', null, '1', '2.00', null, '1'), ('20470022', '??', '300', 'FE', '2017-05-06 16:04:08', null, null, '??????????', '2017-05-06 16:04:08', null, '1', '2.00', null, '1'), ('20470023', '??', '300', 'FE', '2017-05-06 16:04:08', null, null, '??????????', '2017-05-06 16:04:08', null, '1', '2.00', null, '1'), ('20470024', '??', '300', 'FE', '2017-05-06 16:04:08', null, null, '??????????', '2017-05-06 16:04:08', null, '1', '2.00', null, '1'), ('20470030', '??', '300', 'FE', '2017-05-06 16:04:08', null, null, '??????????', '2017-05-06 16:04:08', null, '1', '2.00', null, '1'), ('20470031', '??', '300', 'FE', '2017-05-06 16:04:08', null, null, '??????????', '2017-05-06 16:04:08', null, '1', '2.00', null, '1'), ('20470032', '??', '300', 'FE', '2017-05-06 16:04:08', null, null, '??????????', '2017-05-06 16:04:08', null, '1', '2.00', null, '1'), ('20470033', '??', '300', 'FE', '2017-05-06 16:04:08', null, null, '??????????', '2017-05-06 16:04:08', null, '1', '2.00', null, '1'), ('20470034', '??', '300', 'FE', '2017-05-06 16:04:08', null, null, '??????????', '2017-05-06 16:04:08', null, '1', '2.00', null, '1'), ('20470040', '??', '300', 'FE', '2017-05-06 16:04:08', null, null, '??????????', '2017-05-06 16:04:08', null, '1', '2.00', null, '1'), ('20470041', '??', '300', 'FE', '2017-05-06 16:04:08', null, null, '??????????', '2017-05-06 16:04:08', null, '1', '2.00', null, '1'), ('20470042', '??', '300', 'FE', '2017-05-06 16:04:08', null, null, '??????????', '2017-05-06 16:04:08', null, '1', '2.00', null, '1'), ('20470043', '??', '300', 'FE', '2017-05-06 16:04:08', null, null, '??????????', '2017-05-06 16:04:08', null, '1', '2.00', null, '1'), ('20470044', '??', '300', 'FE', '2017-05-06 16:04:08', null, null, '??????????', '2017-05-06 16:04:08', null, '1', '2.00', null, '1'), ('20470050', '??', '300', 'FE', '2017-05-06 16:04:08', null, null, '??????????', '2017-05-06 16:04:08', null, '1', '2.00', null, '1'), ('20470051', '??', '300', 'FE', '2017-05-06 16:04:08', null, null, '??????????', '2017-05-06 16:04:08', null, '1', '2.00', null, '1'), ('20470052', '??', '300', 'FE', '2017-05-06 16:04:08', null, null, '??????????', '2017-05-06 16:04:08', null, '1', '2.00', null, '1'), ('20470053', '??', '300', 'FE', '2017-05-06 16:04:08', null, null, '??????????', '2017-05-06 16:04:08', null, '1', '2.00', null, '1'), ('20470054', '??', '300', 'FE', '2017-05-06 16:04:08', null, null, '??????????', '2017-05-06 16:04:08', null, '1', '2.00', null, '1'), ('20470060', '??', '300', 'FE', '2017-05-06 16:04:08', null, null, '??????????', '2017-05-06 16:04:08', null, '1', '2.00', null, '1'), ('20470061', '??', '300', 'FE', '2017-05-06 16:04:08', null, null, '??????????', '2017-05-06 16:04:08', null, '1', '2.00', null, '1'), ('20470062', '??', '300', 'FE', '2017-05-06 16:04:08', null, null, '??????????', '2017-05-06 16:04:08', null, '1', '2.00', null, '1'), ('20470063', '??', '300', 'FE', '2017-05-06 16:04:08', null, null, '??????????', '2017-05-06 16:04:08', null, '1', '2.00', null, '1'), ('20470064', '??', '300', 'FE', '2017-05-06 16:04:08', null, null, '??????????', '2017-05-06 16:04:08', null, '1', '2.00', null, '1'), ('20470070', '??', '300', 'FE', '2017-05-06 16:04:08', null, null, '??????????', '2017-05-06 16:04:08', null, '1', '2.00', null, '1'), ('20470071', '??', '300', 'FE', '2017-05-06 16:04:08', null, null, '??????????', '2017-05-06 16:04:08', null, '1', '2.00', null, '1'), ('20470072', '??', '300', 'FE', '2017-05-06 16:04:08', null, null, '??????????', '2017-05-06 16:04:08', null, '1', '2.00', null, '1'), ('20470073', '??', '300', 'FE', '2017-05-06 16:04:08', null, null, '??????????', '2017-05-06 16:04:08', null, '1', '2.00', null, '1'), ('20470074', '??', '300', 'FE', '2017-05-06 16:04:08', null, null, '??????????', '2017-05-06 16:04:08', null, '1', '2.00', null, '1'), ('20470080', '??', '300', 'FE', '2017-05-06 16:04:08', null, null, '??????????', '2017-05-06 16:04:08', null, '1', '2.00', null, '1'), ('20470081', '??', '300', 'FE', '2017-05-06 16:04:08', null, null, '??????????', '2017-05-06 16:04:08', null, '1', '2.00', null, '1'), ('20470082', '??', '300', 'FE', '2017-05-06 16:04:08', null, null, '??????????', '2017-05-06 16:04:08', null, '1', '2.00', null, '1'), ('20470083', '??', '300', 'FE', '2017-05-06 16:04:08', null, null, '??????????', '2017-05-06 16:04:08', null, '1', '2.00', null, '1'), ('20470084', '??', '300', 'FE', '2017-05-06 16:04:08', null, null, '??????????', '2017-05-06 16:04:08', null, '1', '2.00', null, '1'), ('30210501', '??', '100', 'Mn', '2017-05-17 19:51:38', null, null, '????', '2017-05-19 18:08:01', null, '1', '0.20', 'http://part-1253516459.cossh.myqcloud.com/mypart/20170517195350311.jpg', '1'), ('30210502', '????', '1232', 'Mn', '2017-05-17 20:07:39', null, null, '????', '2017-05-19 18:08:11', null, '1', '0.20', 'http://part-1253516459.cossh.myqcloud.com/mypart/20170517200829590.jpg', '1'), ('30310241', '????', '500', 'Mn', '2017-05-20 16:19:19', null, null, '????', '2017-05-20 16:20:29', null, '1', '0.20', 'http://part-1253516459.cossh.myqcloud.com/mypart/20170520162005325.png', '1'), ('40210502', '????', null, 'NBR', '2017-05-17 19:55:53', null, null, '?????', null, null, '1', '0.20', 'http://part-1253516459.cossh.myqcloud.com/mypart/20170517195730736.jpg', '1'), ('40710501', '???', null, 'EPDM', '2017-05-17 20:09:35', null, null, '????', null, null, '1', '2.70', 'http://part-1253516459.cossh.myqcloud.com/mypart/20170517201112549.jpg', '1'), ('41210501', '????', null, 'EPDM', '2017-05-17 20:11:48', null, null, '?????', null, null, '1', '1.30', 'http://part-1253516459.cossh.myqcloud.com/mypart/20170517201257604.jpg', '1');
COMMIT;

-- ----------------------------
--  Table structure for `t_supplier`
-- ----------------------------
DROP TABLE IF EXISTS `t_supplier`;
CREATE TABLE `t_supplier` (
  `supplier_id` int(11) NOT NULL,
  `supplier_name` varchar(45) NOT NULL,
  `supplier_type` varchar(45) NOT NULL,
  `supplier_status` varchar(45) NOT NULL,
  `user_name` varchar(45) NOT NULL,
  `phone` varchar(45) DEFAULT NULL,
  PRIMARY KEY (`supplier_id`)
) ENGINE=InnoDB DEFAULT CHARSET=utf8;

-- ----------------------------
--  Table structure for `t_user`
-- ----------------------------
DROP TABLE IF EXISTS `t_user`;
CREATE TABLE `t_user` (
  `user_id` int(11) NOT NULL AUTO_INCREMENT,
  `user_name` varchar(45) NOT NULL,
  `create_time` varchar(45) NOT NULL,
  `user_status` int(11) NOT NULL,
  `password` varchar(45) NOT NULL,
  `phone` varchar(45) NOT NULL,
  `rold_id` int(11) NOT NULL,
  PRIMARY KEY (`user_id`)
) ENGINE=InnoDB AUTO_INCREMENT=4 DEFAULT CHARSET=utf8;

-- ----------------------------
--  Records of `t_user`
-- ----------------------------
BEGIN;
INSERT INTO `t_user` VALUES ('1', '???', '2017-04-28 20:05:18', '1', 'e10adc3949ba59abbe56e057f20f883e', '15258800630', '3'), ('2', '???', '2017-05-03 19:21:28', '1', 'e10adc3949ba59abbe56e057f20f883e', '13557813757', '1'), ('3', '???', '2017-05-03 19:23:12', '1', 'e10adc3949ba59abbe56e057f20f883e', '13513513513', '2');
COMMIT;

SET FOREIGN_KEY_CHECKS = 1;
